{
  "houses": {
    "TonyBennigans": {
      "world": "world",
      "x": -198.33265622378255,
      "y": 70,
      "z": -61.89785187154927,
      "yaw": -20.549407958984375,
      "pitch": 25.650007247924805
    }
  },
  "openHouses": {},
  "invites": {}
}
